,FSR1,FSR2,FSR3,FSR4,FSR5,FSR6,FSR7,FSR8,FSR9,FSR10
0,485,29,2,2,1,1,1,2,0,0
1,484,28,2,2,1,1,1,2,0,0
2,486,29,2,2,2,1,1,4,0,0
3,485,29,2,2,1,1,1,0,0,0
4,486,27,2,2,2,1,1,5,0,0
5,485,29,2,2,2,1,1,3,0,0
6,487,28,2,2,1,1,1,4,0,0
7,487,28,2,2,1,1,1,0,0,0
8,485,28,2,2,2,1,1,4,0,0
9,486,30,2,2,1,1,1,1,0,0
10,486,27,2,2,2,1,1,2,0,0
11,485,28,2,2,2,1,1,4,0,0
12,485,29,2,2,1,1,1,0,0,0
13,484,30,2,2,1,1,1,5,0,0
14,487,29,2,2,1,1,1,1,0,0
15,486,28,2,2,1,1,1,4,0,0
16,484,30,2,2,2,1,1,0,0,0
17,484,29,2,2,1,1,1,5,0,0
18,487,29,2,2,1,1,1,1,0,0
19,486,29,2,2,1,1,1,3,0,0
20,487,29,2,2,1,1,1,4,0,0
21,486,28,2,2,2,1,1,0,0,0
22,487,29,2,2,1,1,1,5,0,0
23,487,29,2,2,1,1,1,1,0,0
24,485,30,2,2,2,1,1,2,0,0
25,486,28,2,2,1,1,1,0,0,0
26,487,29,2,2,1,1,1,5,0,0
27,486,30,2,2,1,1,1,1,0,0
28,487,28,2,2,1,1,1,3,0,0
29,486,30,2,2,2,1,1,4,0,0
30,485,28,2,2,1,1,1,0,0,0
31,484,29,2,2,2,1,1,5,0,0
32,485,29,2,2,1,1,1,1,0,0
33,486,29,2,2,1,1,1,3,0,0
34,487,28,2,2,1,1,1,0,0,0
35,486,28,2,2,1,1,1,5,0,0
36,485,30,2,2,1,1,1,2,0,0
37,486,28,2,2,1,1,1,2,0,0
38,485,29,2,2,2,1,1,4,0,0
39,485,28,2,2,1,1,1,0,0,0
40,487,29,2,2,2,1,1,5,0,0
41,487,29,2,2,1,1,1,1,0,0
42,485,29,2,2,2,1,1,3,0,0
43,487,29,2,2,1,1,1,0,0,0
44,486,29,2,2,1,1,1,5,0,0
45,486,28,2,2,1,1,1,1,0,0
46,486,29,2,2,1,1,1,2,0,0
47,486,28,2,2,2,1,1,4,0,0
48,486,28,2,2,1,1,1,0,0,0
49,487,28,2,1,1,1,1,5,0,0
50,485,29,2,2,2,1,1,1,0,0
51,486,28,2,2,1,1,1,3,0,0
52,487,28,2,2,1,1,1,5,0,0
53,486,29,2,2,2,1,1,1,0,0
54,487,28,2,1,1,1,1,3,0,0
55,487,29,2,2,1,1,1,4,0,0
56,486,29,2,2,2,1,1,0,0,0
57,485,30,2,2,2,1,1,5,0,0
58,487,28,2,2,1,1,1,1,0,0
59,486,28,2,2,1,1,1,3,0,0
60,487,28,2,2,1,1,1,4,0,0
61,486,29,2,2,1,1,1,0,0,0
62,487,29,2,2,1,1,1,1,0,0
63,486,29,2,2,1,1,1,3,0,0
64,486,30,2,2,1,1,1,4,0,0
65,484,30,2,2,2,1,1,0,0,0
66,485,29,2,2,2,1,1,5,0,0
67,487,28,2,2,1,1,1,1,0,0
68,487,29,2,2,1,1,1,3,0,0
69,487,29,2,2,1,1,1,4,0,0
70,487,30,2,2,2,1,1,0,0,0
71,486,28,2,2,1,1,1,5,0,0
72,487,28,2,2,1,1,1,3,0,0
73,487,29,2,2,1,1,1,4,0,0
74,487,29,2,2,2,1,1,0,0,0
75,485,30,2,2,2,1,1,5,0,0
76,487,29,2,2,2,1,1,1,0,0
77,485,28,2,2,1,1,1,3,0,0
78,486,29,2,2,1,1,1,4,0,0
79,486,29,2,2,1,1,1,0,0,0
80,487,29,2,1,1,1,1,5,0,0
81,484,30,2,2,2,1,1,1,0,0
82,485,30,2,2,2,1,1,4,0,0
83,484,28,2,2,1,1,1,0,0,0
84,484,29,2,2,1,1,1,5,0,0
85,485,29,2,2,2,1,1,1,0,0
86,486,28,2,2,1,1,1,3,0,0
87,487,29,2,2,1,1,1,4,0,0
88,487,30,2,2,1,1,1,0,0,0
89,487,29,2,2,1,1,1,5,0,0
90,487,30,2,2,2,1,1,1,0,0
91,485,30,2,2,2,1,1,3,0,0
92,487,29,2,2,2,1,1,0,0,0
93,484,30,2,2,1,1,1,5,0,0
94,485,30,2,2,2,1,1,1,0,0
95,485,30,2,2,2,1,1,3,0,0
96,485,29,2,2,2,1,1,4,0,0
97,485,30,2,2,2,1,1,0,0,0
98,486,29,2,2,1,1,1,5,0,0
99,487,29,2,2,1,1,1,1,0,0
100,485,28,2,2,2,1,1,3,0,0
101,484,29,2,2,1,1,1,0,0,0
102,485,28,2,2,1,1,1,5,0,0
103,484,31,2,2,1,1,1,1,0,0
104,486,29,2,2,1,1,1,3,0,0
105,484,30,2,2,2,1,2,4,0,0
106,484,29,2,2,1,1,1,1,0,0
107,486,29,2,2,1,1,1,5,0,0
108,486,30,2,2,1,1,1,2,0,0
109,484,30,2,2,2,1,1,3,0,0
110,486,28,2,2,2,1,1,4,0,0
111,486,29,2,2,1,1,1,5,0,0
112,486,29,2,2,1,1,1,1,0,0
113,486,27,2,2,2,1,1,3,0,0
114,487,30,2,2,1,1,1,4,0,0
115,486,28,2,2,2,1,1,0,0,0
116,486,28,2,2,1,1,1,5,0,0
117,485,30,2,2,1,1,1,1,0,0
118,487,29,2,2,1,1,1,3,0,0
119,485,29,2,2,2,1,1,3,0,0
120,484,28,2,2,1,1,1,0,0,0
121,487,29,2,2,1,1,1,1,0,0
122,486,29,2,2,1,1,1,3,0,0
123,486,29,2,2,1,1,1,4,0,0
124,487,30,2,2,1,1,1,0,0,0
125,485,30,2,2,1,1,1,5,0,0
126,487,30,2,2,1,1,1,1,0,0
127,486,29,2,2,1,1,1,3,0,0
128,487,28,2,2,1,1,1,3,0,0
129,486,29,2,2,1,1,1,0,0,0
130,486,29,2,2,2,1,1,1,0,0
131,486,29,2,2,1,1,1,3,0,0
132,485,30,2,2,1,1,1,3,0,0
133,486,29,2,2,1,1,1,0,0,0
134,485,29,2,2,2,1,1,5,0,0
135,487,28,2,2,1,1,1,1,0,0
136,487,28,2,2,1,1,1,3,0,0
137,486,29,2,2,2,1,1,3,0,0
138,485,30,2,2,1,1,1,0,0,0
139,486,27,2,2,1,1,1,5,0,0
140,487,28,2,2,1,1,1,3,0,0
141,485,28,2,2,2,1,1,3,0,0
142,484,27,2,2,1,1,1,0,0,0
143,487,28,1,2,2,1,1,5,0,0
144,487,29,2,2,1,1,1,1,0,0
145,486,28,2,2,1,1,1,3,0,0
146,485,29,2,2,2,1,1,4,0,0
147,486,29,2,2,1,1,1,0,0,0
148,487,28,2,2,1,1,1,5,0,0
149,485,30,2,2,1,1,1,1,0,0
150,484,30,2,2,2,1,1,3,0,0
151,486,28,2,2,1,1,1,0,0,0
152,486,29,2,2,1,1,1,5,0,0
153,487,30,2,2,1,1,1,1,0,0
154,485,29,2,2,1,1,1,3,0,0
155,485,30,2,2,2,1,1,3,0,0
156,487,30,2,2,1,1,1,0,0,0
157,485,29,2,2,1,1,1,5,0,0
158,486,28,2,2,2,1,1,1,0,0
159,486,30,2,2,2,1,1,3,0,0
160,486,28,2,2,1,1,1,1,0,0
161,484,30,2,2,1,1,1,5,0,0
162,484,30,2,2,1,1,1,1,0,0
163,486,29,2,2,1,1,1,4,0,0
164,484,30,2,2,1,1,1,4,0,0
165,486,28,2,2,2,1,1,0,0,0
166,486,28,2,2,1,1,1,5,0,0
167,485,30,2,2,2,1,1,1,0,0
168,486,29,2,2,1,1,1,3,0,0
169,487,29,2,2,1,1,1,0,0,0
170,486,28,2,2,2,1,1,5,0,0
171,485,30,2,2,1,1,1,0,0,0
172,486,29,2,2,1,1,1,3,0,0
173,485,29,2,2,2,1,1,3,0,0
174,486,30,2,2,1,1,1,0,0,0
175,487,29,2,2,2,1,1,5,0,0
176,486,31,2,2,2,1,1,1,0,0
177,486,28,2,2,2,1,1,3,0,0
178,486,30,2,2,2,1,1,0,0,0
179,486,28,2,2,1,1,1,5,0,0
180,486,30,2,2,2,1,1,1,0,0
181,486,30,2,2,1,1,1,3,0,0
182,485,31,2,2,2,1,1,3,0,0
183,486,30,2,2,2,1,1,0,0,0
184,484,30,2,2,2,1,1,5,0,0
185,485,30,2,2,1,1,1,1,0,0
186,487,30,2,2,2,1,1,3,0,0
187,485,30,2,2,1,1,1,3,0,0
188,487,29,2,2,1,1,1,5,0,0
189,484,30,2,2,1,1,1,1,0,0
190,487,29,2,2,2,1,1,3,0,0
191,484,30,2,2,1,1,1,3,0,0
192,486,29,2,2,1,1,1,1,0,0
193,487,30,2,2,1,1,1,5,0,0
194,486,30,2,2,2,1,1,0,0,0
195,485,31,2,2,2,1,1,3,0,0
196,484,31,2,2,1,1,1,3,0,0
197,487,29,2,2,2,1,2,5,0,0
198,486,29,2,2,2,1,1,1,0,0
199,485,30,2,2,2,1,1,3,0,0
200,485,30,2,2,2,1,1,3,0,0
201,486,29,2,2,1,1,1,1,0,0
202,484,30,2,2,1,1,1,5,0,0
203,485,29,2,2,1,1,1,0,0,0
204,484,30,2,2,2,1,1,4,0,0
205,485,30,2,2,2,1,1,3,0,0
206,486,30,2,2,1,1,1,0,0,0
207,485,31,2,2,1,1,1,1,0,0
208,484,29,2,2,2,1,1,3,0,0
209,487,29,2,2,1,1,1,3,0,0
210,487,30,2,2,1,1,1,1,0,0
211,486,29,2,2,1,1,1,5,0,0
212,485,29,2,2,2,1,1,1,0,0
213,484,31,2,2,2,1,1,3,0,0
214,486,30,2,2,1,1,1,3,0,0
215,486,28,2,2,2,1,1,1,0,0
216,484,30,2,2,1,1,1,5,0,0
217,485,30,1,2,2,1,1,3,0,0
218,484,30,1,2,2,1,1,3,0,0
219,484,29,2,2,1,1,1,1,0,0
220,486,30,2,2,1,1,1,5,0,0
221,487,29,2,2,1,1,1,1,0,0
222,484,31,2,2,1,1,1,3,0,0
223,487,29,2,2,1,1,1,3,0,0
224,485,30,2,2,1,1,1,1,0,0
225,486,30,2,2,2,1,1,5,0,0
226,485,29,2,2,1,1,1,1,0,0
227,486,30,2,2,2,1,1,3,0,0
228,484,29,2,2,1,1,1,1,0,0
229,486,30,2,2,1,1,1,5,0,0
230,484,31,2,2,1,1,1,1,0,0
231,485,30,2,2,1,1,1,4,0,0
232,485,30,2,2,2,1,1,3,0,0
233,487,30,2,2,2,1,1,1,0,0
234,486,30,2,2,1,1,1,5,0,0
235,486,29,2,2,1,1,1,0,0,0
236,485,31,2,2,1,1,1,3,0,0
237,484,29,2,2,2,1,1,1,0,0
238,487,30,2,2,1,1,1,5,0,0
239,484,31,2,2,2,1,1,0,0,0
240,485,30,2,2,1,1,1,4,0,0
241,485,30,2,2,2,1,1,3,0,0
242,487,30,2,2,1,1,1,1,0,0
243,486,30,2,2,1,1,1,5,0,0
244,485,30,2,2,1,1,1,0,0,0
245,484,30,2,2,2,1,1,3,0,0
246,487,29,2,2,1,1,1,1,0,0
247,484,31,2,2,2,1,1,5,0,0
248,486,29,2,2,1,1,1,0,0,0
249,487,29,2,2,2,1,1,3,0,0
250,486,30,2,2,1,1,1,3,0,0
251,485,30,2,2,1,1,1,1,0,0
252,486,30,2,2,2,1,1,5,0,0
253,486,28,1,2,2,1,1,0,0,0
254,486,29,2,2,1,1,1,4,0,0
255,486,29,2,2,1,1,1,1,0,0
256,486,30,2,2,1,1,1,5,0,0
257,487,28,2,2,1,1,1,1,0,0
258,486,30,2,2,2,1,1,3,0,0
259,485,30,2,2,1,1,1,3,0,0
260,487,29,2,2,1,1,1,1,0,0
261,484,29,2,2,2,1,1,5,0,0
262,486,29,2,2,1,1,1,1,0,0
263,486,29,2,2,1,1,1,4,0,0
264,487,30,2,2,2,1,1,3,0,0
265,486,30,2,2,1,1,1,5,0,0
266,487,30,2,2,1,1,1,1,0,0
267,485,31,2,2,1,1,1,4,0,0
268,486,31,2,2,1,1,1,3,0,0
269,485,29,2,2,1,1,1,1,0,0
270,485,30,2,2,2,1,1,5,0,0
271,485,30,2,2,2,1,1,0,0,0
272,486,28,2,2,2,1,1,3,0,0
273,484,30,2,2,2,1,1,3,0,0
274,486,30,2,2,2,1,1,0,0,0
275,485,29,2,2,1,1,1,0,0,0
276,485,31,2,2,1,1,1,4,0,0
277,487,31,2,2,1,1,1,3,0,0
278,485,31,2,2,1,1,1,0,0,0
279,486,31,2,2,1,1,1,5,0,0
280,485,29,2,2,2,1,1,0,0,0
281,485,30,2,2,1,1,1,4,0,0
282,486,30,2,2,1,1,1,3,0,0
283,486,28,2,2,1,1,1,1,0,0
284,486,30,2,2,1,1,1,0,0,0
285,486,29,2,2,1,1,1,4,0,0
286,486,29,2,2,2,1,1,3,0,0
287,487,30,2,2,1,1,1,1,0,0
288,487,30,2,2,2,1,1,5,0,0
289,485,30,2,2,1,1,1,0,0,0
290,485,28,2,2,2,1,1,3,0,0
291,486,29,2,2,2,1,1,3,0,0
292,484,29,2,2,1,1,1,1,0,0
293,487,29,2,2,1,1,1,5,0,0
294,487,28,2,2,1,1,1,4,0,0
295,487,28,2,2,1,1,1,3,0,0
296,484,28,2,2,1,1,1,1,0,0
297,487,28,2,2,1,1,1,5,0,0
298,487,28,2,2,1,1,1,0,0,0
299,486,27,2,2,1,1,1,4,0,0
300,486,29,2,2,2,1,1,3,0,0
301,485,29,2,2,1,1,1,1,0,0
302,486,31,2,2,2,1,1,5,0,0
303,487,28,2,2,2,1,1,3,0,0
304,487,29,2,2,1,1,1,3,0,0
305,486,28,2,2,1,1,1,1,0,0
306,487,29,2,2,1,1,1,5,0,0
307,484,28,2,2,1,1,1,1,0,0
308,487,28,2,2,2,1,1,4,0,0
309,487,30,2,2,2,1,1,3,0,0
310,485,28,2,2,1,1,1,1,0,0
311,487,28,2,2,2,1,1,5,0,0
312,486,30,2,2,1,1,1,4,0,0
313,485,31,2,2,2,1,1,3,0,0
314,486,29,2,2,1,1,1,1,0,0
315,485,31,2,2,2,1,1,5,0,0
316,487,28,2,2,1,1,1,0,0,0
317,485,29,2,2,1,1,1,4,0,0
318,486,30,2,2,1,1,1,3,0,0
319,487,28,2,2,1,1,1,1,0,0
320,486,30,2,2,2,1,1,5,0,0
321,487,26,2,2,2,1,1,0,0,0
322,487,26,2,2,1,1,1,3,0,0
323,484,27,2,2,1,1,1,1,0,0
324,485,29,2,2,2,1,1,5,0,0
325,485,28,2,2,1,1,1,0,0,0
326,485,26,2,2,2,1,1,4,0,0
327,488,27,2,2,1,1,1,2,0,0
328,486,28,2,2,2,1,1,1,0,0
329,487,28,2,2,2,1,1,5,0,0
330,486,29,2,2,1,1,1,0,0,0
331,485,27,2,2,1,1,1,4,0,0
332,487,28,2,2,1,1,1,1,0,0
333,487,28,2,2,1,1,1,5,0,0
334,486,29,2,2,2,1,1,0,0,0
335,486,28,2,2,2,1,1,4,0,0
336,485,28,2,2,2,1,1,3,0,0
337,487,27,2,2,2,1,1,1,0,0
338,487,27,2,2,1,1,1,5,0,0
339,485,28,2,2,1,1,1,0,0,0
340,486,26,2,2,2,1,1,4,0,0
341,485,28,2,2,1,1,1,1,0,0
342,485,28,2,2,2,1,1,5,0,0
343,484,28,2,2,1,1,1,0,0,0
344,483,28,2,2,2,1,1,4,0,0
345,486,35,2,2,1,1,1,3,0,0
346,485,41,2,2,1,1,1,1,0,0
347,485,21,2,2,1,1,1,5,0,0
348,485,22,2,2,1,1,1,0,0,0
349,483,15,2,2,1,1,1,4,0,0
350,484,25,2,2,1,1,1,1,0,0
351,484,26,2,2,1,1,1,5,0,0
352,485,25,2,2,1,1,1,0,0,0
353,485,17,2,2,1,1,1,4,0,0
354,485,17,2,2,2,1,1,2,0,0
355,483,17,2,2,2,1,1,1,0,0
356,482,16,2,2,1,1,2,5,0,0
357,483,16,2,2,1,1,1,0,0,0
358,483,14,2,2,1,1,1,4,0,0
359,480,17,2,2,2,1,1,2,0,0
360,478,15,2,2,1,1,1,5,0,0
361,478,14,2,2,1,1,1,0,0,0
362,476,15,2,2,2,1,1,4,0,0
363,474,16,2,2,1,1,1,2,0,0
364,474,16,2,2,1,1,1,1,0,0
365,474,16,2,2,2,1,1,5,0,0
366,474,16,2,2,1,1,1,0,0,0
367,473,16,2,2,1,1,1,4,0,0
368,473,16,2,2,1,1,1,2,0,0
369,468,16,2,2,1,1,1,1,0,0
370,448,17,2,2,2,1,1,0,0,0
371,450,16,2,2,1,1,1,4,0,0
372,451,15,2,2,1,1,1,3,0,0
373,445,16,2,2,1,1,1,1,0,0
374,440,47,2,2,2,1,1,5,0,0
375,440,47,2,2,2,1,1,0,0,0
376,441,46,2,2,2,1,1,4,0,0
377,446,47,2,2,1,1,1,3,0,0
378,444,47,2,2,1,1,1,1,0,0
379,445,10,2,2,1,1,1,0,0,0
380,443,10,2,2,1,1,1,4,0,0
381,449,2,2,2,1,1,1,3,0,0
382,448,1,2,2,1,1,1,1,0,0
383,451,1,2,2,1,1,1,5,0,0
384,449,2,2,2,2,1,1,0,0,0
385,450,0,2,2,1,1,1,4,0,0
386,450,3,2,2,1,1,1,3,0,0
387,450,2,2,2,2,1,1,1,0,0
388,452,1,2,2,2,1,1,5,0,0
389,444,0,2,2,2,1,1,4,0,0
390,444,2,2,2,1,1,1,3,0,0
391,437,3,2,2,2,1,1,1,0,0
392,432,2,2,2,2,1,1,5,0,0
393,435,1,2,2,1,1,1,0,0,0
394,434,0,2,2,2,1,1,4,0,0
395,433,2,2,2,1,1,1,2,0,0
396,432,1,2,2,1,1,1,1,0,0
397,434,2,2,2,2,1,1,5,0,0
398,432,1,2,2,1,1,1,4,0,0
399,426,2,2,2,1,1,1,2,0,0
400,421,2,2,2,1,1,1,1,0,0
401,409,2,2,2,1,1,1,5,0,0
402,404,3,2,2,2,1,1,0,0,0
403,403,1,2,2,1,1,1,4,0,0
404,403,3,2,2,2,1,1,2,0,0
405,405,0,2,2,1,1,1,1,0,0
406,408,2,2,2,2,1,1,5,0,0
407,412,1,2,2,1,1,1,0,0,0
408,415,2,2,2,1,1,1,3,0,0
409,413,3,2,2,1,1,1,1,0,0
410,415,1,2,2,1,1,1,5,0,0
411,417,2,2,2,1,1,1,0,0,0
412,414,2,2,2,1,1,1,4,0,0
413,421,3,2,2,1,1,1,2,0,0
414,419,2,2,2,1,1,1,1,0,0
415,414,2,2,2,2,1,1,5,0,0
416,408,1,2,2,1,1,1,0,0,0
417,407,1,2,2,2,1,1,4,0,0
418,402,1,2,1,1,1,1,1,0,0
419,404,2,2,2,1,1,1,5,0,0
420,400,1,2,2,1,1,1,0,0,0
421,403,2,2,2,2,1,1,4,0,0
422,402,3,2,2,1,1,1,3,0,0
423,404,1,2,2,1,1,1,1,0,0
424,403,1,2,2,1,1,1,5,0,0
425,404,1,2,2,1,1,1,0,0,0
426,400,2,2,2,1,1,1,4,0,0
427,400,2,2,2,2,1,1,1,0,0
428,402,2,2,2,1,1,1,5,0,0
429,403,2,2,2,1,1,1,0,0,0
430,402,1,2,2,1,1,1,4,0,0
431,399,3,2,2,1,1,1,2,0,0
432,397,1,2,2,1,1,1,1,0,0
433,396,1,2,2,1,1,1,5,0,0
434,393,2,2,2,1,1,1,0,0,0
435,391,1,2,2,1,1,1,4,0,0
436,391,3,2,2,1,1,1,2,0,0
437,392,2,2,2,2,1,1,5,0,0
438,397,1,2,2,1,1,1,0,0,0
439,395,1,2,2,1,1,1,4,0,0
440,389,3,2,2,2,1,1,2,0,0
441,387,3,2,2,1,1,1,1,0,0
442,380,2,2,2,2,1,1,5,0,0
443,381,2,2,2,1,1,1,0,0,0
444,380,3,2,2,2,1,1,4,0,0
445,379,1,2,2,1,1,1,2,0,0
446,380,2,2,2,2,1,1,5,0,0
447,374,1,2,2,1,1,1,0,0,0
448,375,2,2,2,1,1,1,4,0,0
449,376,2,2,2,2,1,1,3,0,0
450,375,2,2,2,1,1,1,2,0,0
451,377,1,2,2,1,1,1,5,0,0
452,375,1,2,2,1,1,1,0,0,0
453,373,2,2,2,2,1,1,4,0,0
454,373,2,2,2,2,1,1,2,0,0
455,372,2,2,2,1,1,1,5,0,0
456,371,2,2,2,1,1,1,0,0,0
457,372,1,2,2,2,1,1,4,0,0
458,372,1,2,2,1,1,1,2,0,0
459,373,1,2,2,1,1,1,1,0,0
460,370,2,2,2,1,1,1,5,0,0
461,372,2,2,2,2,1,1,0,0,0
462,372,1,2,2,2,1,1,4,0,0
463,372,2,2,2,2,1,1,2,0,0
464,369,1,2,2,2,1,1,2,0,0
465,369,3,2,2,1,1,1,0,0,0
466,371,2,2,2,2,1,1,4,0,0
467,372,2,2,2,1,1,1,2,0,0
468,372,1,2,2,1,1,1,2,0,0
469,371,2,2,2,1,1,1,5,0,0
470,370,2,2,2,1,1,1,0,0,0
471,370,0,2,2,1,1,1,4,0,0
472,372,0,2,2,1,1,1,2,0,0
473,373,2,2,2,2,1,1,1,0,0
474,367,2,2,2,1,1,1,5,0,0
475,370,2,2,2,1,1,1,4,0,0
476,372,0,2,2,2,1,1,2,0,0
477,367,1,2,2,1,1,1,2,0,0
478,364,3,2,2,2,1,1,5,0,0
479,366,0,2,2,1,1,1,0,0,0
480,364,1,2,2,1,1,2,4,0,0
481,366,1,2,2,1,1,1,2,0,0
482,361,0,2,2,2,1,1,1,0,0
483,357,2,2,2,1,1,1,5,0,0
484,357,2,2,2,2,1,1,0,0,0
485,352,1,2,2,1,1,1,2,0,0
486,343,1,2,2,1,1,1,2,0,0
487,358,2,2,2,2,1,1,5,0,0
488,353,2,2,2,1,1,1,0,0,0
489,348,2,2,2,1,1,1,4,0,0
490,349,2,2,2,1,1,1,2,0,0
491,352,1,2,2,1,1,1,2,0,0
492,359,2,2,2,1,1,1,5,0,0
493,361,2,2,2,1,1,1,0,0,0
494,354,2,2,2,1,1,1,2,0,0
495,352,1,2,2,1,1,1,2,0,0
496,355,2,2,2,2,1,1,5,0,0
497,358,1,2,2,1,1,1,0,0,0
498,359,1,2,2,2,1,1,4,0,0
499,361,2,2,2,1,1,1,2,0,0
500,366,1,2,2,1,1,1,1,0,0
501,357,2,2,2,2,1,1,5,0,0
502,351,1,2,2,2,1,1,0,0,0
503,353,2,2,2,1,1,1,2,0,0
504,362,2,2,2,2,1,1,2,0,0
505,361,2,2,2,2,1,1,5,0,0
506,368,2,1,2,1,1,1,0,0,0
507,366,1,2,2,2,1,1,4,0,0
508,366,1,2,2,1,1,1,2,0,0
509,356,1,2,2,1,1,1,2,0,0
510,362,2,2,2,1,1,1,5,0,0
511,362,2,2,2,2,1,1,0,0,0
512,359,2,2,2,1,1,1,4,0,0
513,361,1,2,2,1,1,1,2,0,0
514,358,1,2,2,1,1,1,5,0,0
515,357,2,2,2,1,1,1,0,0,0
516,360,1,2,2,1,1,1,4,0,0
517,364,2,2,2,2,1,1,2,0,0
518,366,1,2,2,1,1,1,2,0,0
519,363,2,2,2,2,1,1,5,0,0
520,361,1,2,2,1,1,1,0,0,0
521,361,2,2,2,1,1,1,4,0,0
522,359,2,2,2,2,1,1,2,0,0
523,363,1,2,2,1,1,1,5,0,0
524,360,2,2,2,2,1,1,0,0,0
525,363,1,2,2,1,1,1,4,0,0
526,374,2,2,2,1,1,1,2,0,0
527,385,1,2,2,1,1,1,2,0,0
528,382,1,2,2,2,1,1,4,0,0
529,382,2,2,2,2,1,1,0,0,0
530,378,2,2,2,1,1,1,4,0,0
531,387,2,2,2,1,1,1,2,0,0
532,381,2,2,2,1,1,1,5,0,0
533,388,2,2,2,1,1,1,0,0,0
534,384,1,2,2,2,1,1,4,0,0
535,387,1,2,2,2,1,1,2,0,0
536,384,1,2,2,1,1,1,2,0,0
537,388,1,2,2,1,1,1,5,0,0
538,386,1,2,2,1,1,1,0,0,0
539,384,1,2,2,1,1,1,4,0,0
540,387,1,2,2,2,1,1,2,0,0
541,391,2,2,2,2,1,1,5,0,0
542,391,1,2,2,1,1,1,0,0,0
543,388,1,2,2,1,1,1,4,0,0
544,387,2,2,2,2,1,1,2,0,0
545,387,0,2,2,1,1,1,2,0,0
546,388,2,2,2,1,1,1,5,0,0
547,389,1,2,2,1,1,1,0,0,0
548,389,0,2,2,1,1,1,4,0,0
549,391,1,2,2,2,1,1,2,0,0
550,396,2,2,2,2,1,1,4,0,0
551,400,1,2,2,1,1,1,0,0,0
552,401,1,2,2,1,1,1,4,0,0
553,398,2,2,2,1,1,1,2,0,0
554,398,0,2,2,1,1,1,2,0,0
555,399,2,2,2,2,1,1,5,0,0
556,397,1,2,2,1,1,1,0,0,0
557,401,1,2,2,1,1,1,4,0,0
558,403,2,2,2,2,1,1,2,0,0
559,405,2,2,2,1,1,1,2,0,0
560,401,1,2,2,1,1,1,0,0,0
561,399,2,2,2,2,1,1,4,0,0
562,396,2,2,2,2,1,1,2,0,0
563,399,1,2,2,1,1,1,2,0,0
564,397,2,2,2,1,1,1,4,0,0
565,394,2,2,2,1,1,1,0,0,0
566,398,1,2,2,1,1,1,5,0,0
567,403,2,2,2,1,1,1,2,0,0
568,401,1,2,2,2,1,1,2,0,0
569,397,2,2,2,1,1,1,0,0,0
570,394,2,2,2,1,1,1,5,0,0
571,393,2,2,2,2,1,1,2,0,0
572,392,1,2,2,1,1,1,2,0,0
573,398,2,2,2,1,1,1,5,0,0
574,391,2,2,2,1,1,1,0,0,0
575,394,1,2,2,1,1,1,5,0,0
576,394,2,2,2,1,1,1,2,0,0
577,391,1,2,2,1,1,1,2,0,0
578,396,2,2,2,1,1,1,4,0,0
579,397,1,2,2,1,1,1,5,0,0
580,390,2,2,2,1,1,1,2,0,0
581,384,0,2,2,1,1,1,2,0,0
582,387,2,2,2,1,1,1,5,0,0
583,386,2,2,2,1,1,1,0,0,0
584,388,1,2,2,1,1,1,5,0,0
585,379,2,2,2,2,1,1,2,0,0
586,378,2,2,2,2,1,1,2,0,0
587,373,2,2,2,2,1,1,5,0,0
588,365,2,2,2,2,1,1,0,0,0
589,374,1,2,2,1,1,1,2,0,0
590,368,1,2,2,1,1,1,2,0,0
591,364,2,2,2,1,1,1,5,0,0
592,368,1,2,2,1,1,1,0,0,0
593,364,2,2,2,1,1,1,4,0,0
594,352,1,2,2,1,1,1,2,0,0
595,346,2,2,2,1,1,1,2,0,0
596,349,3,2,2,1,1,1,5,0,0
597,344,1,2,2,1,1,1,0,0,0
598,340,2,2,2,2,1,1,5,0,0
599,328,2,2,2,1,1,1,2,0,0
600,335,2,2,2,1,1,1,5,0,0
601,335,2,2,2,2,1,1,0,0,0
602,331,1,2,2,1,1,1,5,0,0
603,339,2,2,2,1,1,1,2,0,0
604,337,2,2,2,2,1,1,2,0,0
605,337,2,2,2,2,1,1,4,0,0
606,340,2,2,2,1,1,1,0,0,0
607,340,1,2,2,1,1,1,4,0,0
608,337,2,2,2,1,1,1,2,0,0
609,324,1,2,2,1,1,1,5,0,0
610,317,2,2,2,1,1,1,0,0,0
611,314,1,2,2,1,1,1,4,0,0
612,308,2,2,2,2,1,1,2,0,0
613,316,1,2,2,1,1,1,2,0,0
614,317,1,2,2,1,1,1,4,0,0
615,319,2,2,2,1,1,1,0,0,0
616,323,2,2,2,1,1,1,5,0,0
617,324,2,2,2,1,1,1,2,0,0
618,328,1,2,2,1,1,1,5,0,0
619,327,2,2,2,1,1,1,0,0,0
620,322,2,2,2,2,1,1,4,0,0
621,324,3,2,2,2,1,1,2,0,0
622,315,1,2,2,1,1,1,2,0,0
623,324,2,2,2,1,1,1,5,0,0
624,313,1,2,2,1,1,1,0,0,0
625,330,1,2,2,1,1,1,5,0,0
626,327,2,2,2,2,1,1,2,0,0
627,337,2,2,2,1,1,1,5,0,0
628,330,2,2,2,2,1,1,0,0,0
629,333,1,2,2,2,1,1,5,0,0
630,337,3,2,2,2,1,1,2,0,0
631,330,0,2,2,1,1,1,2,0,0
632,332,1,2,2,1,1,1,5,0,0
633,333,2,2,2,1,1,1,0,0,0
634,330,2,2,2,2,1,1,4,0,0
635,322,3,2,2,1,1,1,2,0,0
636,316,2,2,2,1,1,1,2,0,0
637,313,2,2,2,1,1,1,4,0,0
638,318,1,2,2,1,1,1,5,0,0
639,322,1,2,2,1,1,1,2,0,0
640,320,1,2,2,1,1,1,3,0,0
641,318,2,2,2,2,1,1,5,0,0
642,322,2,2,2,2,1,1,0,0,0
643,323,1,2,2,1,1,1,5,0,0
644,322,1,2,2,1,1,1,2,0,0
645,322,1,2,2,1,1,1,2,0,0
646,322,1,2,2,1,1,1,4,0,0
647,322,2,2,2,1,1,1,5,0,0
648,325,2,2,2,1,1,1,2,0,0
649,327,1,2,2,2,1,1,2,0,0
650,328,3,2,2,2,1,1,4,0,0
651,330,1,2,2,1,1,1,0,0,0
652,328,1,2,1,2,1,1,4,0,0
653,326,3,2,2,1,1,1,2,0,0
654,326,1,2,2,1,1,1,3,0,0
655,326,2,2,2,2,1,1,4,0,0
656,325,1,2,2,1,1,1,0,0,0
657,324,2,2,2,1,1,1,2,0,0
658,325,1,2,2,1,1,1,3,0,0
659,324,1,2,2,1,1,1,4,0,0
660,327,2,2,2,1,1,1,0,0,0
661,324,2,2,2,1,1,1,5,0,0
662,327,2,2,2,1,1,1,2,0,0
663,326,2,2,2,2,1,1,2,0,0
664,326,2,2,2,2,1,1,4,0,0
665,322,1,2,2,1,1,1,0,0,0
666,325,2,2,2,1,1,1,5,0,0
667,324,2,2,2,1,1,1,2,0,0
668,325,3,2,2,2,1,1,4,0,0
669,325,1,2,2,1,1,1,0,0,0
670,322,2,2,2,2,1,1,5,0,0
671,324,3,2,2,2,1,1,2,0,0
672,322,2,2,2,1,1,1,2,0,0
673,320,1,2,2,2,1,1,4,0,0
674,323,1,2,2,1,1,1,0,0,0
675,321,1,2,2,1,1,1,5,0,0
676,320,1,2,2,1,1,1,2,0,0
677,323,1,2,2,1,1,1,4,0,0
678,321,1,2,2,1,1,1,0,0,0
679,321,1,2,2,2,1,1,5,0,0
680,322,2,2,2,1,1,1,1,0,0
681,326,2,2,2,1,1,1,3,0,0
682,326,2,2,2,2,1,1,4,0,0
683,321,1,2,2,1,1,1,0,0,0
684,316,1,2,2,1,1,1,5,0,0
685,318,2,2,2,2,1,1,2,0,0
686,310,1,2,2,1,1,1,4,0,0
687,308,2,2,2,1,1,1,0,0,0
688,304,2,2,2,2,1,1,5,0,0
689,308,1,2,2,1,1,2,1,0,0
690,311,1,2,2,1,1,1,2,0,0
691,309,1,2,2,1,1,1,4,0,0
692,313,1,2,2,2,1,1,0,0,0
693,318,1,2,2,1,1,1,5,0,0
694,314,2,2,2,1,1,1,2,0,0
695,320,2,2,2,2,1,1,4,0,0
696,314,2,2,2,2,1,1,0,0,0
697,315,1,2,2,1,1,1,5,0,0
698,319,3,2,2,1,1,1,1,0,0
699,332,2,2,2,2,1,1,2,0,0
700,332,1,2,2,1,1,1,4,0,0
701,334,2,2,2,1,1,1,0,0,0
702,340,1,2,2,1,1,1,5,0,0
703,329,1,2,2,1,1,1,2,0,0
704,333,2,2,2,2,1,1,3,0,0
705,335,2,2,2,2,1,1,0,0,0
706,335,2,2,2,2,1,1,5,0,0
707,344,2,2,2,1,1,1,1,0,0
708,342,1,2,2,1,1,1,3,0,0
709,345,2,2,2,2,1,1,4,0,0
710,343,3,2,2,2,1,1,0,0,0
711,348,1,2,2,1,1,1,5,0,0
712,361,2,2,2,1,1,1,2,0,0
713,368,1,2,2,1,1,1,2,0,0
714,375,2,2,2,1,1,1,4,0,0
715,373,1,2,2,1,1,1,5,0,0
716,367,2,2,2,1,1,1,2,0,0
717,365,2,2,2,1,1,1,3,0,0
718,353,1,2,2,2,1,1,4,0,0
719,341,2,2,2,2,1,1,0,0,0
720,347,2,2,2,1,1,1,5,0,0
721,344,1,2,2,1,1,1,2,0,0
722,340,1,2,2,1,1,1,3,0,0
723,343,2,2,2,1,1,1,4,0,0
724,345,2,2,2,1,1,1,5,0,0
725,345,1,2,2,1,1,1,1,0,0
726,346,1,2,2,2,1,1,3,0,0
727,348,2,2,2,1,1,1,4,0,0
728,352,1,2,2,1,1,1,0,0,0
729,345,2,2,2,1,1,1,5,0,0
730,339,2,2,2,1,1,1,2,0,0
731,339,2,2,2,2,1,1,2,0,0
732,339,3,2,2,1,1,1,4,0,0
733,342,1,2,2,2,1,1,0,0,0
734,343,2,2,2,1,1,1,1,0,0
735,346,2,2,2,2,1,1,3,0,0
736,341,2,2,1,2,1,1,4,0,0
737,344,0,2,2,1,1,1,0,0,0
738,341,2,1,2,1,1,1,5,0,0
739,336,2,2,2,1,1,1,2,0,0
740,340,2,2,2,2,1,1,2,0,0
741,336,2,2,2,2,1,1,4,0,0
742,329,1,2,2,1,1,1,0,0,0
743,336,1,2,2,1,1,1,4,0,0
744,327,1,2,2,1,1,1,3,0,0
745,334,1,2,2,2,1,1,4,0,0
746,330,1,2,2,1,1,1,0,0,0
747,322,2,2,2,1,1,1,5,0,0
748,335,2,2,2,2,1,1,1,0,0
749,330,1,2,2,1,1,1,3,0,0
750,331,1,2,2,1,1,1,4,0,0
751,331,2,2,2,2,1,1,0,0,0
752,333,2,2,2,1,1,1,4,0,0
753,333,2,2,2,1,1,1,1,0,0
754,332,2,2,2,1,1,1,4,0,0
755,332,2,2,2,2,1,1,0,0,0
756,335,1,2,2,1,1,1,5,0,0
757,330,3,2,2,2,1,1,1,0,0
758,329,2,2,2,2,1,1,3,0,0
759,327,1,2,2,1,1,1,4,0,0
760,329,1,2,2,1,1,1,0,0,0
761,324,2,2,2,2,1,1,5,0,0
762,328,1,2,2,1,1,1,2,0,0
763,331,2,2,2,2,1,1,4,0,0
764,332,2,2,2,1,1,1,0,0,0
765,329,2,2,2,1,1,1,5,0,0
766,329,3,2,2,2,1,1,1,0,0
767,331,1,2,2,2,1,1,3,0,0
768,328,2,2,2,1,1,1,4,0,0
769,328,1,2,2,1,1,1,0,0,0
770,329,2,2,2,1,1,1,5,0,0
771,330,2,2,2,1,1,1,1,0,0
772,330,1,2,2,1,1,1,2,0,0
773,325,2,2,2,2,1,1,0,0,0
774,325,2,2,2,2,1,1,5,0,0
775,324,3,2,2,2,1,1,1,0,0
776,326,3,2,2,1,1,1,3,0,0
777,327,1,2,2,1,1,1,4,0,0
778,327,2,2,2,1,1,1,0,0,0
779,325,2,2,2,1,1,1,5,0,0
780,325,2,2,2,1,1,1,2,0,0
781,323,0,2,2,2,1,1,3,0,0
782,326,1,2,2,1,1,1,0,0,0
783,326,2,2,2,1,1,1,5,0,0
784,325,3,2,2,1,1,1,1,0,0
785,326,2,2,2,1,1,1,3,0,0
786,324,3,2,2,1,1,1,4,0,0
787,324,1,2,2,1,1,1,0,0,0
788,325,1,2,2,1,1,1,5,0,0
789,325,3,2,2,1,1,1,1,0,0
790,326,2,2,2,1,1,1,3,0,0
791,325,2,2,2,1,1,1,4,0,0
792,324,2,2,2,2,1,1,0,0,0
793,325,1,2,2,1,1,1,1,0,0
794,326,2,2,2,1,1,1,3,0,0
795,331,3,2,2,1,1,1,4,0,0
796,333,2,2,2,2,1,1,0,0,0
797,341,1,2,2,1,1,1,5,0,0
798,352,2,2,2,1,1,1,1,0,0
799,347,2,2,2,2,1,1,3,0,0
800,346,3,2,2,2,1,1,4,0,0
801,345,2,2,2,1,1,1,0,0,0
802,344,2,2,2,1,1,1,5,0,0
803,340,2,2,2,1,1,1,3,0,0
804,344,2,2,2,1,1,1,4,0,0
805,354,1,2,2,1,1,1,0,0,0
806,357,2,2,2,1,1,1,5,0,0
807,360,1,2,2,1,1,1,1,0,0
808,361,2,2,2,1,1,1,3,0,0
809,349,2,2,2,1,1,1,4,0,0
810,358,1,2,2,2,1,1,0,0,0
811,363,2,2,2,1,1,1,5,0,0
812,364,1,2,2,1,1,1,3,0,0
813,364,1,2,2,1,1,1,4,0,0
814,365,2,2,2,1,1,1,0,0,0
815,364,2,2,2,2,1,1,5,0,0
816,367,2,2,2,1,1,1,1,0,0
817,368,1,2,2,1,1,1,3,0,0
818,368,2,2,2,2,1,1,4,0,0
819,374,1,2,2,1,1,1,0,0,0
820,375,1,2,2,2,1,1,5,0,0
821,378,2,2,2,1,1,1,1,0,0
822,379,2,2,2,1,1,1,4,0,0
823,377,2,2,2,1,1,1,0,0,0
824,378,2,2,2,2,1,1,5,0,0
825,380,1,2,2,1,1,1,1,0,0
826,379,1,2,2,1,1,1,3,0,0
827,382,1,2,2,2,1,1,3,0,0
828,380,3,2,2,1,1,1,0,0,0
829,380,3,2,2,2,1,1,5,0,0
830,378,2,2,2,1,1,1,3,0,0
831,384,3,2,2,2,1,1,3,0,0
832,384,1,2,2,2,1,1,0,0,0
833,385,1,2,2,1,1,1,5,0,0
834,385,2,2,2,2,1,1,1,0,0
835,385,1,2,2,1,1,1,3,0,0
836,387,2,2,2,1,1,1,4,0,0
837,388,2,2,2,2,1,1,0,0,0
838,387,2,2,2,2,1,1,5,0,0
839,389,2,2,2,2,1,1,1,0,0
840,390,2,2,2,2,1,1,3,0,0
841,391,2,2,2,1,1,1,0,0,0
842,407,1,2,2,1,1,1,5,0,0
843,416,2,2,2,1,1,1,1,0,0
844,416,2,2,2,2,1,1,3,0,0
845,414,2,2,2,1,1,1,4,0,0
846,416,2,2,2,1,1,1,0,0,0
847,416,2,2,2,1,1,1,5,0,0
848,414,2,2,2,2,1,1,1,0,0
849,421,1,2,2,1,1,1,3,0,0
850,411,3,2,2,2,1,1,0,0,0
851,417,2,2,2,1,1,1,5,0,0
852,425,3,2,2,1,1,1,1,0,0
853,422,2,2,2,1,1,1,3,0,0
854,418,3,2,2,1,1,1,3,0,0
855,419,2,2,2,1,1,1,0,0,0
856,421,2,2,2,1,1,1,5,0,0
857,423,2,2,2,2,1,1,1,0,0
858,419,2,2,2,1,1,1,3,0,0
859,412,2,2,2,2,1,1,4,0,0
860,399,2,2,2,2,1,1,5,0,0
861,388,2,2,2,1,1,1,1,0,0
862,387,2,2,2,1,1,1,3,0,0
863,389,2,2,2,1,1,1,4,0,0
864,388,2,2,2,1,1,1,0,0,0
865,387,2,2,2,1,1,1,5,0,0
866,386,2,2,2,1,1,1,1,0,0
867,377,3,2,2,1,1,1,3,0,0
868,369,2,2,2,1,1,1,4,0,0
869,360,2,2,2,1,1,1,0,0,0
870,360,3,2,2,1,1,1,1,0,0
871,345,2,2,2,2,1,1,3,0,0
872,339,4,2,2,2,1,1,3,0,0
873,343,3,2,2,2,1,1,0,0,0
874,319,3,2,2,1,1,1,5,0,0
875,329,3,2,2,1,1,1,1,0,0
876,330,2,2,2,1,1,1,3,0,0
877,334,3,2,2,1,1,1,3,0,0
878,336,1,2,2,2,1,1,0,0,0
879,342,3,2,2,2,1,1,0,0,0
880,345,3,2,2,1,1,1,3,0,0
881,343,3,2,2,2,1,1,3,0,0
882,343,3,2,2,2,1,1,0,0,0
883,342,2,2,2,2,1,1,5,0,0
884,338,3,2,2,2,1,1,1,0,0
885,334,2,2,2,2,1,1,3,0,0
886,327,2,2,2,2,1,1,3,0,0
887,304,0,2,2,1,1,1,0,0,0
888,314,2,2,2,1,1,1,5,0,0
889,312,1,2,2,1,1,1,3,0,0
890,314,2,2,2,1,1,1,3,0,0
891,310,1,2,2,1,1,1,1,0,0
892,311,2,2,2,2,1,1,5,0,0
893,316,2,2,2,1,1,1,1,0,0
894,313,2,2,2,1,1,1,4,0,0
895,316,1,2,2,1,1,1,4,0,0
896,313,2,2,2,2,1,1,0,0,0
897,320,1,2,2,2,1,1,5,0,0
898,319,3,2,2,2,1,1,1,0,0
899,326,2,2,2,1,1,1,3,0,0
900,321,3,2,2,1,1,1,0,0,0
901,320,2,2,2,2,1,1,5,0,0
902,327,2,2,2,1,1,1,1,0,0
903,322,2,2,2,1,1,1,3,0,0
904,311,1,2,2,1,1,1,3,0,0
905,322,2,2,2,1,1,1,0,0,0
906,314,1,2,2,1,1,1,5,0,0
907,317,2,2,2,1,1,1,1,0,0
908,321,2,1,2,2,1,1,3,0,0
909,319,1,2,2,1,1,1,0,0,0
910,322,1,2,2,1,1,1,5,0,0
911,323,2,2,2,2,1,1,1,0,0
912,323,2,2,2,1,1,1,3,0,0
913,322,2,2,2,1,1,1,3,0,0
914,322,1,2,2,1,1,1,0,0,0
915,323,0,2,2,1,1,1,5,0,0
916,323,2,2,2,2,1,1,1,0,0
917,320,2,2,2,2,1,1,3,0,0
918,317,2,2,2,1,1,1,1,0,0
919,320,2,2,2,2,1,1,5,0,0
920,321,2,2,2,1,1,1,0,0,0
921,318,1,2,2,1,1,1,4,0,0
922,316,1,2,2,1,1,1,3,0,0
923,317,2,2,2,1,1,1,1,0,0
924,318,2,2,2,1,1,1,5,0,0
925,318,2,2,2,1,1,1,1,0,0
926,312,1,2,2,1,1,1,3,0,0
927,315,2,2,2,1,1,1,0,0,0
928,318,1,2,2,1,1,1,5,0,0
929,321,2,2,2,2,1,1,0,0,0
930,322,2,2,2,2,1,1,3,0,0
931,315,2,2,2,1,1,1,3,0,0
932,320,1,2,2,1,1,1,1,0,0
933,324,1,2,2,1,1,1,5,0,0
934,319,2,2,2,1,1,1,1,0,0
935,325,3,2,2,1,1,1,3,0,0
936,330,4,2,2,1,1,1,1,0,0
937,323,5,2,2,2,1,1,5,0,0
938,325,5,2,2,1,1,1,1,0,0
939,335,5,2,2,1,1,1,3,0,0
940,331,4,2,2,1,1,1,3,0,0
941,336,5,2,2,1,1,1,1,0,0
942,344,5,2,2,1,1,1,5,0,0
943,351,6,2,2,2,1,1,1,0,0
944,363,6,2,2,1,1,1,3,0,0
945,367,1,2,2,1,1,1,3,0,0
946,384,1,2,2,1,1,1,5,0,0
947,381,1,2,2,2,1,1,0,0,0
948,380,1,2,2,2,1,1,4,0,0
949,379,2,2,2,1,1,1,3,0,0
950,381,2,2,2,1,1,1,0,0,0
951,382,2,2,2,2,1,1,5,0,0
952,391,2,2,2,2,1,1,0,0,0
953,393,1,2,2,1,1,1,3,0,0
954,388,2,2,2,1,1,1,3,0,0
955,386,1,2,2,2,1,1,0,0,0
956,382,2,2,2,1,1,1,1,0,0
957,391,2,2,2,2,1,1,3,0,0
958,392,2,2,2,1,1,1,3,0,0
959,394,2,2,2,2,1,1,0,0,0
960,391,2,2,2,1,1,1,5,0,0
961,394,2,2,2,1,1,1,1,0,0
962,403,1,2,2,1,1,1,3,0,0
963,405,2,2,2,2,1,1,3,0,0
964,396,1,2,2,1,1,1,0,0,0
965,396,1,2,2,1,1,1,0,0,0
966,392,1,2,2,1,1,1,4,0,0
967,393,2,2,2,1,1,1,3,0,0
968,394,2,2,2,1,1,1,1,0,0
969,390,1,2,2,1,1,1,5,0,0
970,393,3,2,2,1,1,1,1,0,0
971,391,1,2,2,1,1,1,3,0,0
972,391,2,2,2,1,1,1,3,0,0
973,385,2,2,2,1,1,1,1,0,0
974,384,2,2,2,1,1,1,5,0,0
975,367,2,2,2,2,1,1,3,0,0
976,378,2,2,2,1,1,1,3,0,0
977,381,0,2,2,2,1,1,1,0,0
978,379,1,2,2,1,1,1,5,0,0
979,376,2,2,2,1,1,1,1,0,0
980,374,2,2,2,2,1,1,3,0,0
981,375,2,2,2,1,1,1,3,0,0
982,370,1,2,2,1,1,1,1,0,0
983,363,2,2,2,1,1,1,5,0,0
984,368,2,2,2,1,1,1,0,0,0
985,365,2,2,2,1,1,1,3,0,0
986,359,2,2,2,1,1,1,1,0,0
987,361,2,2,2,1,1,1,5,0,0
988,362,2,2,2,1,1,1,1,0,0
989,358,1,2,2,1,1,1,4,0,0
990,356,3,2,2,2,1,1,3,0,0
991,358,2,2,2,1,1,1,1,0,0
992,361,2,2,2,1,1,1,5,0,0
993,361,3,2,2,1,1,1,0,0,0
994,358,1,2,2,1,1,1,3,0,0
995,361,1,2,2,1,1,1,1,0,0
996,360,2,2,2,1,1,1,5,0,0
997,363,2,2,2,1,1,1,1,0,0
998,367,2,2,2,1,1,1,3,0,0
999,369,2,2,2,1,1,1,3,0,0
1000,373,2,2,2,1,1,1,1,0,0
1001,379,2,2,2,2,1,1,5,0,0
1002,380,2,2,2,2,1,1,0,0,0
1003,382,2,2,2,1,1,1,3,0,0
1004,380,0,2,2,1,1,1,1,0,0
1005,381,1,2,2,1,1,1,5,0,0
1006,380,2,2,2,1,1,1,1,0,0
1007,379,2,2,2,1,1,1,4,0,0
1008,381,2,2,2,1,1,1,3,0,0
1009,381,2,2,2,1,1,1,1,0,0
1010,382,1,2,2,1,1,1,5,0,0
1011,382,1,2,2,2,1,1,1,0,0
1012,380,1,2,2,1,1,1,4,0,0
1013,381,2,2,2,1,1,1,1,0,0
1014,380,1,2,2,1,1,1,5,0,0
1015,378,3,2,2,2,1,1,1,0,0
1016,382,1,2,2,1,1,1,3,0,0
1017,381,2,2,2,1,1,1,3,0,0
1018,381,1,2,2,1,1,1,1,0,0
1019,380,2,2,2,2,1,1,5,0,0
1020,381,2,2,2,1,1,1,1,0,0
1021,380,2,2,2,2,1,1,4,0,0
1022,380,1,2,2,1,1,1,2,0,0
1023,381,2,2,2,1,1,1,5,0,0
1024,381,1,2,2,1,1,1,0,0,0
1025,378,2,2,2,1,1,1,4,0,0
1026,382,2,2,2,1,1,1,3,0,0
1027,382,1,2,2,1,1,1,1,0,0
1028,381,2,2,2,1,1,1,5,0,0
1029,379,2,2,2,1,1,1,1,0,0
1030,381,2,2,2,1,1,1,4,0,0
1031,382,2,2,2,1,1,1,2,0,0
1032,384,1,2,2,1,1,1,5,0,0
1033,380,2,2,2,1,1,1,0,0,0
1034,383,2,2,2,1,1,1,4,0,0
1035,384,1,2,2,2,1,1,3,0,0
1036,382,1,2,2,1,1,1,1,0,0
1037,384,1,2,2,1,1,1,5,0,0
1038,384,2,2,2,1,1,1,1,0,0
1039,384,1,2,2,1,1,1,4,0,0
1040,385,2,2,2,1,1,1,3,0,0
1041,382,2,2,2,1,1,1,5,0,0
1042,383,2,2,1,1,1,1,1,0,0
1043,381,2,2,2,2,1,1,4,0,0
1044,382,1,2,2,1,1,1,3,0,0
1045,379,2,2,2,1,1,1,1,0,0
1046,382,1,2,2,1,1,1,5,0,0
1047,382,2,2,2,1,1,1,0,0,0
1048,385,1,2,2,1,1,1,4,0,0
1049,388,2,2,2,2,1,1,3,0,0
1050,385,1,2,2,1,1,1,1,0,0
1051,383,2,2,2,1,1,1,0,0,0
1052,387,1,2,2,1,1,1,4,0,0
1053,389,2,2,2,1,1,1,3,0,0
1054,391,2,2,2,1,1,1,1,0,0
1055,395,2,2,2,2,1,1,5,0,0
1056,396,2,2,2,1,1,1,0,0,0
1057,399,2,2,2,2,1,1,4,0,0
1058,403,2,2,1,1,1,1,3,0,0
1059,404,2,2,2,1,1,1,1,0,0
1060,406,2,2,2,1,1,1,5,0,0
1061,411,2,2,2,2,1,1,4,0,0
1062,426,2,2,2,1,1,1,3,0,0
1063,424,2,2,2,1,1,1,1,0,0
1064,434,2,2,2,1,1,1,5,0,0
1065,442,1,2,2,1,1,1,0,0,0
1066,443,2,2,2,1,1,1,4,0,0
1067,434,2,2,2,2,1,1,2,0,0
1068,444,1,2,2,1,1,1,1,0,0
1069,449,1,2,2,1,1,1,5,0,0
1070,458,1,2,2,1,1,1,0,0,0
1071,468,4,2,2,2,1,1,3,0,0
1072,472,1,2,2,1,1,1,1,0,0
1073,475,1,2,2,1,1,1,5,0,0
1074,479,3,2,2,2,1,1,0,0,0
1075,482,2,2,2,1,1,1,4,0,0
1076,488,3,2,2,1,1,1,3,0,0
1077,487,3,2,2,2,1,1,1,0,0
1078,492,3,2,2,1,1,1,5,0,0
1079,494,2,2,2,2,1,1,0,0,0
1080,491,3,2,2,1,1,1,3,0,0
1081,491,2,2,2,1,1,1,1,0,0
1082,493,2,2,2,1,1,1,5,0,0
1083,495,1,2,2,1,1,1,1,0,0
1084,495,3,2,2,2,1,1,4,0,0
1085,494,4,1,2,2,1,1,2,0,0
1086,496,1,2,2,2,1,1,1,0,0
1087,495,2,2,2,1,1,1,5,0,0
1088,495,2,2,2,1,1,1,1,0,0
1089,495,2,2,2,1,1,1,4,0,0
1090,494,3,2,2,1,1,1,1,0,0
1091,494,1,2,2,1,1,1,5,0,0
1092,494,3,2,2,1,1,1,1,0,0
1093,495,3,2,2,2,1,1,4,0,0
1094,494,3,2,2,2,1,1,2,0,0
1095,493,2,2,2,2,1,1,1,0,0
1096,493,4,2,2,2,1,1,5,0,0
1097,495,2,2,2,1,1,1,1,0,0
1098,494,2,2,2,1,1,1,4,0,0
1099,493,2,2,2,2,1,1,2,0,0
1100,489,2,2,2,1,1,1,5,0,0
1101,486,2,2,2,1,1,1,0,0,0
1102,486,2,2,2,1,1,1,4,0,0
1103,488,3,2,2,2,1,1,2,0,0
1104,491,2,2,2,1,1,1,1,0,0
1105,483,2,2,2,1,1,1,5,0,0
1106,457,2,2,2,1,1,1,0,0,0
1107,447,3,2,2,1,1,1,4,0,0
1108,445,3,2,2,2,1,1,2,0,0
1109,448,35,2,2,2,1,1,5,0,0
1110,441,38,2,2,1,1,1,0,0,0
1111,438,63,2,2,1,1,1,4,0,0
1112,446,53,2,2,1,1,1,3,0,0
1113,443,50,2,2,1,1,1,2,0,0
1114,437,46,2,2,1,1,1,5,0,0
1115,440,35,2,2,1,1,1,0,0,0
1116,434,26,2,2,1,1,1,4,0,0
1117,436,55,2,2,1,1,1,3,0,0
1118,440,47,2,2,2,1,1,1,0,0
1119,440,52,2,2,1,1,1,0,0,0
1120,443,58,2,2,1,1,1,4,0,0
1121,443,65,2,2,1,1,1,3,0,0
1122,443,63,2,2,1,1,1,1,0,0
1123,445,59,2,2,2,1,1,5,0,0
1124,444,44,2,2,2,1,1,0,0,0
1125,443,52,2,2,2,1,1,4,0,0
1126,445,47,2,2,1,1,1,3,0,0
1127,445,42,2,2,2,1,1,1,0,0
1128,445,56,2,2,1,1,1,0,0,0
1129,444,57,2,2,1,1,1,4,0,0
1130,444,59,2,2,1,1,1,3,0,0
1131,441,64,2,2,2,1,1,1,0,0
1132,443,70,2,2,2,1,1,5,0,0
1133,446,70,2,2,1,1,1,0,0,0
1134,444,67,2,2,1,1,1,4,0,0
1135,444,68,2,2,2,1,1,3,0,0
1136,445,66,2,2,1,1,1,1,0,0
1137,445,65,2,2,1,1,1,5,0,0
1138,447,68,2,2,1,1,1,4,0,0
1139,449,68,2,2,1,1,1,2,0,0
1140,447,67,2,2,1,1,1,1,0,0
1141,446,65,2,2,1,1,1,5,0,0
1142,447,69,2,2,2,1,1,0,0,0
1143,448,69,2,2,1,1,1,4,0,0
1144,448,67,2,2,1,1,1,2,0,0
1145,449,64,2,2,2,1,1,1,0,0
1146,449,64,2,2,1,1,1,5,0,0
1147,450,66,2,2,1,1,1,0,0,0
1148,452,65,2,2,1,1,1,2,0,0
1149,451,64,2,2,1,1,1,2,0,0
1150,450,65,2,2,1,1,1,5,0,0
1151,452,64,2,2,1,1,1,0,0,0
1152,450,64,2,2,1,1,1,4,0,0
1153,451,64,2,2,1,1,1,3,0,0
1154,451,65,2,2,2,1,1,1,0,0
1155,453,65,2,2,1,1,1,5,0,0
1156,451,65,2,2,1,1,1,0,0,0
1157,452,64,2,2,1,1,1,4,0,0
1158,450,64,2,2,1,1,1,1,0,0
1159,452,64,2,2,1,1,1,5,0,0
1160,451,64,2,2,1,1,1,0,0,0
1161,450,65,2,2,2,1,1,4,0,0
1162,451,64,2,2,2,1,1,2,0,0
1163,448,64,2,2,1,1,1,1,0,0
1164,450,64,2,2,1,1,1,5,0,0
1165,450,64,2,2,2,1,1,0,0,0
1166,448,65,2,2,2,1,1,4,0,0
1167,450,64,2,2,1,1,1,2,0,0
1168,448,65,2,2,1,1,1,5,0,0
1169,449,65,2,2,2,1,1,0,0,0
1170,449,64,2,2,2,1,1,4,0,0
1171,450,65,2,2,1,1,1,2,0,0
1172,448,65,2,2,1,1,1,2,0,0
1173,449,64,2,2,1,1,1,5,0,0
1174,446,65,2,2,2,1,1,0,0,0
1175,446,65,2,2,1,1,1,4,0,0
1176,449,65,2,2,2,1,1,2,0,0
1177,449,65,2,2,2,1,1,5,0,0
1178,448,64,2,2,2,1,1,0,0,0
1179,448,64,2,2,1,1,1,4,0,0
1180,450,64,1,2,2,1,1,2,0,0
1181,449,64,2,2,1,1,1,2,0,0
1182,448,64,2,2,1,1,1,5,0,0
1183,448,64,2,2,1,1,1,0,0,0
1184,449,65,2,2,2,1,1,4,0,0
1185,449,65,2,2,1,1,1,2,0,0
1186,450,65,2,2,2,1,1,5,0,0
1187,448,65,2,2,2,1,1,0,0,0
1188,448,64,2,2,1,1,1,5,0,0
1189,449,64,2,2,1,1,1,2,0,0
1190,450,64,2,2,2,1,1,2,0,0
1191,451,65,2,2,1,1,1,5,0,0
1192,450,65,2,2,1,1,1,0,0,0
1193,449,65,2,2,1,1,1,4,0,0
1194,449,65,2,2,1,1,1,2,0,0
1195,448,64,2,2,1,1,1,2,0,0
1196,451,65,2,2,2,1,1,0,0,0
1197,451,66,2,2,1,1,1,4,0,0
1198,450,64,2,2,1,1,1,2,0,0
1199,450,66,2,2,2,1,1,1,0,0
1200,451,65,2,2,1,1,1,5,0,0
1201,449,64,2,2,2,1,1,0,0,0
1202,451,65,2,2,1,1,1,4,0,0
1203,449,65,2,2,1,1,1,2,0,0
1204,451,66,2,2,2,1,1,2,0,0
1205,450,64,2,2,1,1,1,4,0,0
1206,451,66,2,2,2,1,1,4,0,0
1207,450,66,2,2,1,1,1,2,0,0
1208,448,66,2,2,1,1,1,2,0,0
1209,450,66,2,2,2,1,1,5,0,0
1210,449,65,2,2,1,1,1,0,0,0
1211,449,64,2,2,2,1,1,4,0,0
1212,451,66,2,2,1,1,1,2,0,0
1213,449,66,2,2,2,1,1,2,0,0
1214,451,65,2,2,2,1,1,5,0,0
1215,449,65,2,2,2,1,1,4,0,0
1216,448,65,2,2,2,1,1,2,0,0
1217,450,66,2,2,2,1,1,2,0,0
1218,451,65,2,2,1,1,1,4,0,0
1219,451,64,2,2,2,1,1,0,0,0
1220,451,66,2,2,1,1,1,4,0,0
1221,448,65,2,2,1,1,1,2,0,0
1222,449,65,2,2,1,1,1,2,0,0
1223,450,66,2,2,1,1,1,4,0,0
1224,448,65,2,2,1,1,1,0,0,0
1225,448,67,2,2,1,1,1,2,0,0
1226,449,65,2,2,1,1,1,2,0,0
1227,450,66,2,2,2,1,1,5,0,0
1228,451,66,2,2,1,1,1,0,0,0
1229,449,65,2,2,1,1,1,4,0,0
1230,450,66,2,2,1,1,1,2,0,0
1231,448,67,2,2,2,1,1,2,0,0
1232,448,65,2,2,1,1,1,5,0,0
1233,450,65,2,2,2,1,1,0,0,0
1234,448,65,2,2,1,1,1,4,0,0
1235,449,67,2,2,1,1,1,2,0,0
1236,450,67,2,2,2,1,1,4,0,0
1237,448,68,2,2,1,1,1,0,0,0
1238,449,65,2,2,1,1,1,4,0,0
1239,450,68,2,2,2,1,1,2,0,0
1240,448,67,2,2,1,1,1,2,0,0
1241,450,69,2,2,1,1,1,5,0,0
1242,450,68,2,2,1,1,1,0,0,0
1243,451,68,2,2,1,1,1,5,0,0
1244,450,68,2,2,1,1,1,2,0,0
1245,450,70,2,2,1,1,1,4,0,0
1246,448,71,2,2,1,1,1,0,0,0
1247,449,70,2,2,1,1,1,4,0,0
1248,448,69,2,2,1,1,1,2,0,0
1249,448,68,2,2,1,1,1,2,0,0
1250,448,69,2,2,1,1,1,4,0,0
1251,450,69,2,2,1,1,1,0,0,0
1252,448,71,2,1,2,1,1,4,0,0
1253,449,70,2,2,1,1,1,2,0,0
1254,448,71,2,2,1,1,1,2,0,0
1255,450,72,2,2,2,1,1,0,0,0
1256,449,74,2,2,2,1,2,4,0,0
1257,450,74,2,2,1,1,1,2,0,0
1258,448,74,2,2,1,1,1,2,0,0
1259,448,77,2,2,2,1,1,4,0,0
1260,449,76,2,2,2,1,1,0,0,0
1261,450,76,2,2,1,1,1,5,0,0
1262,448,76,2,2,2,1,1,2,0,0
1263,448,76,2,2,1,1,1,2,0,0
1264,450,75,2,2,1,1,1,0,0,0
1265,450,77,2,2,2,1,1,4,0,0
1266,448,77,2,2,1,1,1,2,0,0
1267,449,77,2,2,2,1,1,2,0,0
1268,450,78,2,2,2,1,1,4,0,0
1269,451,78,2,2,1,1,1,0,0,0
1270,450,81,2,2,1,1,1,4,0,0
1271,451,81,2,2,2,1,1,2,0,0
1272,449,83,2,2,1,1,1,2,0,0
1273,451,84,2,2,1,1,1,0,0,0
1274,451,84,2,2,1,1,1,5,0,0
1275,450,86,2,2,2,1,1,2,0,0
1276,451,83,2,2,1,1,1,2,0,0
1277,451,87,2,2,1,1,1,4,0,0
1278,450,85,2,2,1,1,1,0,0,0
1279,451,87,2,2,2,1,1,5,0,0
1280,450,86,2,2,1,1,1,2,0,0
1281,451,86,2,2,2,1,1,2,0,0
1282,451,88,2,2,2,1,1,4,0,0
1283,451,88,2,2,2,1,1,4,0,0
1284,450,88,2,2,1,1,1,2,0,0
1285,451,89,2,2,2,1,1,2,0,0
1286,451,88,2,2,1,1,1,4,0,0
1287,449,87,2,2,1,1,1,0,0,0
1288,452,88,2,2,2,1,1,5,0,0
1289,451,87,2,2,1,1,1,2,0,0
1290,451,86,2,2,1,1,1,2,0,0
1291,452,88,2,2,1,1,1,4,0,0
